waiting_so_far,future_wait,total_wait,max_existing_delay,avg_existing_delay,added_route_time,suffix_completion,baseline_other,before_unique,after_unique,share_gain,compact_share,share_bonus
0.0,28.81678454203707,28.81678454203707,0.0,0.0,0.0,49.019796439404864,0.0,0,1,0,0,0.0
0.0,26.13287349268326,26.13287349268326,0.0,0.0,0.0,46.335885390051054,0.0,0,1,0,0,0.0
0.0,24.748666382146496,24.748666382146496,0.0,0.0,0.0,68.79354491841357,0.0,0,1,0,0,0.0
0.0,23.229697185084092,23.229697185084092,101.40772488636196,101.40772488636196,101.40772488636196,0.0,0.0,2,3,1,0,0.0
0.0,23.229697185084092,23.229697185084092,30.763614250159065,30.763614250159065,30.763614250159065,67.28905434150175,0.0,2,3,1,0,0.0
0.0,23.229697185084092,23.229697185084092,0.0,0.0,0.0,67.27457572135117,0.0,2,3,1,1,7.0
0.0,44.05301333665636,44.05301333665636,0.0,0.0,0.0,70.23166654548493,62.049075214987454,0,1,0,0,0.0
0.0,54.959658725626696,54.959658725626696,31.730616793677257,15.865308396838628,31.730616793677257,62.049075214987454,0.0,1,2,1,0,0.0
0.0,95.39608418651596,95.39608418651596,0.0,0.0,0.0,121.57473739534453,0.0,1,2,1,1,7.0
0.0,38.866177254466606,38.866177254466606,105.72880091088729,105.72880091088729,105.72880091088729,13.720439131914361,0.0,2,3,1,0,0.0
0.0,38.866177254466606,38.866177254466606,45.90159829986277,45.90159829986277,45.90159829986277,108.1164165730292,0.0,2,3,1,0,0.0
0.0,64.73849340989926,64.73849340989926,0.0,0.0,0.0,107.67689899863478,0.0,2,3,1,1,7.0
0.0,44.34100017027674,44.34100017027674,131.69413009810108,131.69413009810108,131.69413009810108,0.0,13.720439131914361,2,3,1,0,0.0
0.0,44.34100017027674,44.34100017027674,71.86692748707657,71.86692748707657,71.86692748707657,113.68425252062053,13.720439131914361,2,3,1,0,0.0
0.0,44.34100017027674,44.34100017027674,0.0,0.0,0.0,87.27940575901226,13.720439131914361,2,3,1,1,7.0
0.0,21.935954343408525,21.935954343408525,0.0,0.0,0.0,47.399802409323,54.883746765013086,0,1,0,0,0.0
0.0,39.69365111323384,39.69365111323384,39.48423412347677,19.742117061738384,39.48423412347677,54.883746765013086,0.0,1,2,1,0,0.0
0.0,81.71122334866084,81.71122334866084,0.0,0.0,0.0,107.17507141457531,0.0,1,2,1,1,7.0
0.0,29.28267342926017,29.28267342926017,101.0171251641001,101.0171251641001,101.0171251641001,0.0,0.0,2,3,1,0,0.0
0.0,29.28267342926017,29.28267342926017,0.0,0.0,0.0,54.70231938838299,0.0,2,3,1,1,7.0
0.0,0.0,0.0,48.95534988600855,48.95534988600855,48.95534988600855,0.0,0.0,2,3,1,0,0.0
0.0,0.0,0.0,0.0,0.0,0.0,25.419645959122818,0.0,2,3,1,1,7.0
0.0,0.0,0.0,0.0,0.0,0.0,25.419645959122818,0.0,2,3,1,1,7.0
0.0,14.739642862380947,14.739642862380947,0.0,0.0,0.0,44.415692432896435,16.16485414345857,0,1,0,0,0.0
0.0,22.394286845086526,22.394286845086526,68.62590822732204,68.62590822732204,68.62590822732204,16.16485414345857,0.0,2,3,1,0,0.0
0.0,55.84029916922839,55.84029916922839,0.0,0.0,0.0,85.51634873974388,0.0,2,3,1,1,7.0
0.0,38.39167164864716,38.39167164864716,77.36849549565875,77.36849549565875,77.36849549565875,0.0,0.0,2,3,1,0,0.0
0.0,38.39167164864716,38.39167164864716,0.0,0.0,0.0,67.58112100882738,0.0,2,3,1,1,7.0
0.0,46.30945471910729,46.30945471910729,0.0,0.0,0.0,75.49890407928751,0.0,0,1,0,0,0.0
0.0,64.67061684864166,64.67061684864166,6.3826796934888534,3.1913398467444267,6.3826796934888534,84.8966733349954,0.0,1,2,1,1,7.0
0.0,64.68501569673379,64.68501569673379,0.0,0.0,0.0,83.94176982014051,0.0,1,2,1,1,7.0
0.0,25.358180353126045,25.358180353126045,0.0,0.0,0.0,44.61493447653277,59.89435722895951,0,1,0,0,0.0
0.0,35.815681176591056,35.815681176591056,85.33152528351582,85.33152528351582,85.33152528351582,7.548200198987388,0.0,2,3,1,0,0.0
0.0,35.815681176591056,35.815681176591056,64.35455628795853,64.35455628795853,64.35455628795853,99.74667909115487,0.0,2,3,1,0,0.0
0.0,35.830080024683184,35.830080024683184,0.0,0.0,0.0,68.34135353376132,0.0,2,3,1,1,7.0
0.0,13.883272601729232,13.883272601729232,58.70751391308613,58.70751391308613,58.70751391308613,0.0,7.548200198987388,2,3,1,0,0.0
0.0,13.883272601729232,13.883272601729232,35.445827611334835,35.445827611334835,35.445827611334835,53.89662142559598,7.548200198987388,2,3,1,0,0.0
0.0,13.883272601729232,13.883272601729232,0.0,0.0,0.0,46.39454611080737,7.548200198987388,2,3,1,1,7.0
0.0,20.042770708495254,20.042770708495254,0.0,0.0,0.0,44.97748333119148,8.710943124549999,0,1,0,0,0.0
0.0,41.317029271804586,41.317029271804586,85.18098036480762,85.18098036480762,85.18098036480762,8.710943124549999,0.0,2,3,1,0,0.0
0.0,46.97937628404361,46.97937628404361,0.0,0.0,0.0,71.91408890673983,0.0,2,3,1,1,7.0
0.0,31.628628628367096,31.628628628367096,79.15888292782711,79.15888292782711,79.15888292782711,0.0,0.0,2,3,1,0,0.0
0.0,31.628628628367096,31.628628628367096,0.0,0.0,0.0,41.55338213306936,0.0,2,3,1,1,7.0
0.0,28.433112525534398,28.433112525534398,0.0,0.0,0.0,38.357866030236664,0.0,0,1,0,0,0.0
0.0,32.066291178069605,32.066291178069605,87.16909054452435,87.16909054452435,87.16909054452435,8.164388132830027,0.0,2,3,1,0,0.0
0.0,32.066291178069605,32.066291178069605,45.2204205118619,45.2204205118619,45.2204205118619,93.59066127705387,0.0,2,3,1,0,0.0
0.0,42.22342802460389,42.22342802460389,0.0,0.0,0.0,79.08416104970502,0.0,2,3,1,1,7.0
0.0,33.12588047939471,33.12588047939471,0.0,0.0,0.0,69.98661350449584,8.164388132830027,0,1,0,0,0.0
0.0,34.85099297100669,34.85099297100669,0.0,0.0,0.0,47.92995439602828,36.902683296906844,0,1,0,0,0.0
0.0,67.10690766656262,67.10690766656262,0.0,0.0,0.0,80.18586909158421,0.0,1,2,1,1,7.0
0.0,46.52375631099676,46.52375631099676,139.02524267727176,139.02524267727176,139.02524267727176,0.0,0.0,2,3,1,0,0.0
0.0,46.52375631099676,46.52375631099676,92.35028285199769,92.35028285199769,92.35028285199769,131.41625358357942,0.0,2,3,1,0,0.0
0.0,46.52375631099676,46.52375631099676,0.0,0.0,0.0,96.38961791241195,0.0,2,3,1,1,7.0
0.0,18.374357549252863,18.374357549252863,107.86724380769579,107.86724380769579,107.86724380769579,0.0,0.0,2,3,1,0,0.0
0.0,18.374357549252863,18.374357549252863,51.60921957483106,51.60921957483106,51.60921957483106,92.81642422367668,0.0,2,3,1,0,0.0
0.0,18.374357549252863,18.374357549252863,0.0,0.0,0.0,68.24021915066805,0.0,2,3,1,1,7.0
0.0,44.33620826710194,44.33620826710194,0.0,0.0,0.0,69.2469612024413,41.39499633814398,0,1,0,0,0.0
0.0,47.17999269295842,47.17999269295842,62.463961528692835,62.463961528692835,62.463961528692835,41.39499633814398,0.0,2,3,1,0,0.0
0.0,68.7228255956743,68.7228255956743,0.0,0.0,0.0,93.63357853101365,0.0,2,3,1,1,7.0
0.0,45.73596820821922,45.73596820821922,94.12530227839875,94.12530227839875,94.12530227839875,25.00990115363561,0.0,2,3,1,0,0.0
0.0,45.73596820821922,45.73596820821922,64.53473834996453,64.53473834996453,64.53473834996453,112.80393317106564,0.0,2,3,1,0,0.0
0.0,72.76898271004188,72.76898271004188,0.0,0.0,0.0,127.90892426639152,0.0,2,3,1,1,7.0
0.0,24.99894638660885,24.99894638660885,103.2640808507283,103.2640808507283,103.2640808507283,0.0,25.00990115363561,2,3,1,0,0.0
0.0,24.99894638660885,24.99894638660885,67.69287704031603,67.69287704031603,67.69287704031603,101.9008065053597,25.00990115363561,2,3,1,0,0.0
0.0,24.99894638660885,24.99894638660885,0.0,0.0,0.0,80.13888794295849,25.00990115363561,2,3,1,1,7.0
0.0,47.782642155167196,47.782642155167196,0.0,0.0,0.0,67.18158374401332,80.87201134218299,0,1,0,0,0.0
0.0,51.173360987137585,51.173360987137585,27.964947189469058,13.982473594734529,27.964947189469058,80.87201134218299,0.0,1,2,1,1,7.0
0.0,115.44346666918682,115.44346666918682,0.0,0.0,0.0,134.84240825803295,0.0,1,2,1,1,7.0
0.0,14.289355133812933,14.289355133812933,77.8282782392996,77.8282782392996,77.8282782392996,0.0,36.86292073481741,2,3,1,0,0.0
0.0,14.289355133812933,14.289355133812933,35.85183023159789,35.85183023159789,35.85183023159789,58.278163655224944,36.86292073481741,2,3,1,0,0.0
0.0,14.289355133812933,14.289355133812933,0.0,0.0,0.0,58.26360385076737,36.86292073481741,2,3,1,1,7.0
0.0,34.30941963943633,34.30941963943633,92.71269792906946,92.71269792906946,92.71269792906946,36.86292073481741,0.0,2,3,1,0,0.0
0.0,79.00828928218107,79.00828928218107,0.0,0.0,0.0,122.9825379991355,0.0,2,3,1,1,7.0
0.0,32.50305845427738,32.50305845427738,77.65041421488331,77.65041421488331,77.65041421488331,29.959907721929994,0.0,2,3,1,0,0.0
0.0,32.50305845427738,32.50305845427738,56.20732825815753,56.20732825815753,56.20732825815753,122.01599283453857,0.0,2,3,1,0,0.0
0.0,68.10351077065616,68.10351077065616,0.0,0.0,0.0,123.2396317677435,0.0,2,3,1,1,7.0
0.0,36.828869392625165,36.828869392625165,143.68391535013188,143.68391535013188,143.68391535013188,0.0,29.959907721929994,2,3,1,0,0.0
0.0,36.828869392625165,36.828869392625165,81.58663371548187,81.58663371548187,81.58663371548187,102.37840645987171,29.959907721929994,2,3,1,0,0.0
0.0,36.828869392625165,36.828869392625165,0.0,0.0,0.0,91.96499038971251,29.959907721929994,2,3,1,1,7.0
0.0,38.86377213034075,38.86377213034075,0.0,0.0,0.0,73.5427409070262,76.45053322141757,0,1,0,0,0.0
0.0,61.8740915948124,61.8740915948124,5.6623470122390245,2.8311735061195122,5.6623470122390245,126.23660646653161,0.0,1,2,1,1,7.0
0.0,111.98588320196222,111.98588320196222,0.0,0.0,0.0,146.66485197864768,0.0,1,2,1,1,7.0
0.0,31.36768286703318,31.36768286703318,67.28146774343077,67.28146774343077,67.28146774343077,35.01869311846667,30.535802809483812,2,3,1,0,0.0
0.0,31.36768286703318,31.36768286703318,26.484045063039957,26.484045063039957,26.484045063039957,83.5932265329734,30.535802809483812,2,3,1,1,7.0
0.0,61.96522287361222,61.96522287361222,0.0,0.0,0.0,108.27393050650471,30.535802809483812,2,3,1,1,7.0
0.0,31.87061208930436,31.87061208930436,95.00926143410561,95.00926143410561,95.00926143410561,30.535802809483812,35.01869311846667,2,3,1,0,0.0
0.0,31.87061208930436,31.87061208930436,22.02824015632541,22.02824015632541,22.02824015632541,113.13826445270934,35.01869311846667,2,3,1,1,7.0
0.0,82.0643380184888,82.0643380184888,0.0,0.0,0.0,128.3730456513813,35.01869311846667,2,3,1,1,7.0
0.0,20.359576567249405,20.359576567249405,47.53209633527604,17.840672380537097,41.54217552894079,72.67768080715405,0.0,3,4,1,0,0.0
0.0,20.359576567249405,20.359576567249405,5.989920806335249,3.9932805375568328,0.0,116.8769990841106,0.0,3,4,1,1,7.0
0.0,55.84624860106305,55.84624860106305,30.044158620205053,10.01471954006835,30.044158620205053,140.9312368979804,0.0,3,4,1,0,0.0
0.0,111.95908389188298,111.95908389188298,0.0,0.0,0.0,161.1938360610252,0.0,3,4,1,1,7.0
0.0,44.35615678641716,44.35615678641716,138.60947506139337,138.60947506139337,138.60947506139337,0.0,72.67768080715405,2,3,1,0,0.0
0.0,44.35615678641716,44.35615678641716,72.25262463368972,72.25262463368972,72.25262463368972,99.69038778127106,72.67768080715405,2,3,1,0,0.0
0.0,44.35615678641716,44.35615678641716,0.0,0.0,0.0,93.59090895555937,72.67768080715405,2,3,1,1,7.0
0.0,44.65493744423293,44.65493744423293,0.0,0.0,0.0,71.76742952865288,108.97297669657291,0,1,0,0,0.0
0.0,27.926986969088375,27.926986969088375,43.818545579158126,43.818545579158126,87.63709115831625,59.751973820181774,20.09178421752722,4,5,1,0,0.0
0.0,47.475362160445,47.475362160445,43.318414177083014,21.659207088541507,43.318414177083014,59.751973820181774,20.09178421752722,4,5,1,0,0.0
0.0,97.3051572794684,97.3051572794684,0.0,0.0,0.0,105.4239111940824,20.09178421752722,4,5,1,1,7.0
0.0,18.499762991812986,18.499762991812986,30.801890988006107,30.801890988006107,30.801890988006107,20.09178421752722,59.751973820181774,2,3,1,0,0.0
0.0,18.499762991812986,18.499762991812986,0.014398848092241678,0.014398848092241678,0.014398848092241678,26.632915754518763,59.751973820181774,2,3,1,1,7.0
0.0,24.882246742763073,24.882246742763073,0.0,0.0,0.0,33.00100065737706,59.751973820181774,2,3,1,1,7.0
0.0,27.587030601052902,27.587030601052902,89.04742549132243,89.04742549132243,178.09485098264486,38.24634076030543,0.0,4,5,1,0,0.0
0.0,27.587030601052902,27.587030601052902,45.19912321633183,22.599561608165914,45.19912321633183,38.24634076030543,0.0,4,5,1,0,0.0
0.0,77.4168257200763,77.4168257200763,0.0,0.0,0.0,97.45686235186577,0.0,4,5,1,1,7.0
0.0,24.389463644458374,24.389463644458374,61.736282728284095,61.736282728284095,61.736282728284095,0.0,38.24634076030543,2,3,1,0,0.0
0.0,24.389463644458374,24.389463644458374,30.9676871113993,30.9676871113993,30.9676871113993,63.61761345732475,38.24634076030543,2,3,1,0,0.0
0.0,24.389463644458374,24.389463644458374,0.0,0.0,0.0,44.429500276247836,38.24634076030543,2,3,1,1,7.0
0.0,51.02720127619477,51.02720127619477,129.01840242631442,129.01840242631442,129.01840242631442,0.0,17.633682336663696,2,3,1,0,0.0
0.0,51.02720127619477,51.02720127619477,71.83465412705618,71.83465412705618,71.83465412705618,110.87660175584506,17.633682336663696,2,3,1,0,0.0
0.0,51.02720127619477,51.02720127619477,0.0,0.0,0.0,90.06686071808235,17.633682336663696,2,3,1,1,7.0
0.0,47.718929881205895,47.718929881205895,93.97081367005967,93.97081367005967,93.97081367005967,17.633682336663696,0.0,2,3,1,0,0.0
0.0,47.718929881205895,47.718929881205895,67.32860678123325,67.32860678123325,67.32860678123325,111.019531676935,0.0,2,3,1,0,0.0
0.0,54.48106057283712,54.48106057283712,0.0,0.0,0.0,93.5207200147247,0.0,2,3,1,1,7.0
0.0,100.81349211008319,100.81349211008319,0.0,0.0,0.0,131.08170434862222,0.0,1,2,1,1,7.0
0.0,37.01434394584885,37.01434394584885,0.0,0.0,0.0,67.28255618438789,58.76567127471935,0,1,0,0,0.0
0.0,47.004251650721926,47.004251650721926,79.07816221344501,79.07816221344501,79.07816221344501,0.0,22.3200220473027,2,3,1,0,0.0
0.0,47.004251650721926,47.004251650721926,0.0,0.0,0.0,63.21917662346823,22.3200220473027,2,3,1,1,7.0
0.0,34.70967022029754,34.70967022029754,68.79251082818337,68.79251082818337,68.79251082818337,22.3200220473027,0.0,2,3,1,0,0.0
0.0,61.80551417142715,61.80551417142715,0.0,0.0,0.0,78.02043914417345,0.0,2,3,1,1,7.0
0.0,53.364488535809414,53.364488535809414,0.0,0.0,0.0,96.9167517918454,0.0,1,2,1,1,7.0
0.0,51.84199696656697,51.84199696656697,109.70655990714795,109.70655990714795,109.70655990714795,0.0,29.023693516480307,2,3,1,0,0.0
0.0,51.84199696656697,51.84199696656697,0.0,0.0,0.0,95.39426022260295,29.023693516480307,2,3,1,1,7.0
0.0,6.506134213525911,6.506134213525911,42.8845684765688,42.8845684765688,42.8845684765688,0.0,59.203091405101986,2,3,1,0,0.0
0.0,6.506134213525911,6.506134213525911,0.0,0.0,0.0,25.865478970118602,59.203091405101986,2,3,1,1,7.0
0.0,40.89091123543312,40.89091123543312,18.941445764051878,9.470722882025939,18.941445764051878,59.203091405101986,0.0,1,2,1,1,7.0
0.0,108.17013006699835,108.17013006699835,0.0,0.0,0.0,127.52947482359104,0.0,1,2,1,1,7.0
0.0,17.230603535611408,17.230603535611408,30.760453916235292,30.760453916235292,30.760453916235292,12.33100945640399,0.0,2,3,1,0,0.0
0.0,17.230603535611408,17.230603535611408,24.37797016528475,24.37797016528475,24.37797016528475,39.907420921209905,0.0,2,3,1,1,7.0
0.0,23.613087286561495,23.613087286561495,0.0,0.0,0.0,46.275505824068205,0.0,2,3,1,1,7.0
0.0,36.64857107058924,36.64857107058924,73.98416753555193,73.98416753555193,73.98416753555193,0.0,12.33100945640399,2,3,1,0,0.0
0.0,36.64857107058924,36.64857107058924,0.0,0.0,0.0,59.31098960809595,12.33100945640399,2,3,1,1,7.0
0.0,38.38711511119027,38.38711511119027,67.7905838997558,67.7905838997558,67.7905838997558,22.786292008628152,0.0,2,3,1,0,0.0
0.0,50.10208842774773,50.10208842774773,0.0,0.0,0.0,70.34087706659193,0.0,2,3,1,1,7.0
0.0,46.25467046942458,46.25467046942458,0.0,0.0,0.0,66.49345910826878,22.786292008628152,0,1,0,0,0.0
0.0,103.95101297231895,103.95101297231895,0.0,0.0,0.0,126.39233766634334,0.0,1,2,1,1,7.0
0.0,55.21549158259131,55.21549158259131,0.0,0.0,0.0,77.6568162766157,43.66345456750969,0,1,0,0,0.0
0.0,41.120818015934674,41.120818015934674,91.00810705967206,91.00810705967206,91.00810705967206,13.653687423661268,13.539593886573584,2,3,1,0,0.0
0.0,61.35998252545369,61.35998252545369,0.0,0.0,0.0,91.01713886650987,13.539593886573584,2,3,1,1,7.0
0.0,13.429210459183196,13.429210459183196,50.62166929803698,50.62166929803698,50.62166929803698,13.539593886573584,13.653687423661268,2,3,1,0,0.0
0.0,13.429210459183196,13.429210459183196,25.74804222847797,25.74804222847797,25.74804222847797,60.36253249942274,13.653687423661268,2,3,1,1,7.0
0.0,41.59309000326857,41.59309000326857,0.0,0.0,0.0,71.25024634432475,13.653687423661268,2,3,1,1,7.0
0.0,38.57063738794932,38.57063738794932,0.0,0.0,0.0,80.53839408207932,44.08077065138468,0,1,0,0,0.0
0.0,78.44561911546361,78.44561911546361,0.0,0.0,0.0,120.41337580959362,0.0,1,2,1,1,7.0
0.0,47.34957779561046,47.34957779561046,70.74791055712512,70.74791055712512,70.74791055712512,33.26725365014681,0.0,2,3,1,0,0.0
0.0,47.34957779561046,47.34957779561046,49.09975920097304,49.09975920097304,49.09975920097304,99.77287445982574,0.0,2,3,1,0,0.0
0.0,70.58496722097107,70.58496722097107,0.0,0.0,0.0,100.0279799383552,0.0,2,3,1,1,7.0
0.0,42.586087290179876,42.586087290179876,95.42713777902009,95.42713777902009,95.42713777902009,0.0,33.26725365014681,2,3,1,0,0.0
0.0,42.586087290179876,42.586087290179876,70.15760972678663,70.15760972678663,70.15760972678663,77.82475677148932,33.26725365014681,2,3,1,0,0.0
0.0,42.586087290179876,42.586087290179876,0.0,0.0,0.0,72.02910000756401,33.26725365014681,2,3,1,1,7.0
0.0,20.045516089141074,20.045516089141074,85.68603068887751,85.68603068887751,85.68603068887751,0.0,56.74006130942507,2,3,1,0,0.0
0.0,20.045516089141074,20.045516089141074,0.0,0.0,0.0,46.70780253703924,56.74006130942507,2,3,1,1,7.0
0.0,45.358728475925545,45.358728475925545,4.2120697494915476,2.1060348747457738,4.2120697494915476,84.57099256619995,0.0,1,2,1,1,7.0
0.0,72.1967035361863,72.1967035361863,0.0,0.0,0.0,98.85898998408447,0.0,1,2,1,1,7.0
0.0,38.732702165099454,38.732702165099454,107.22303212587758,107.22303212587758,107.22303212587758,13.49441015672619,21.840988269540503,2,3,1,0,0.0
0.0,38.732702165099454,38.732702165099454,57.06049202794611,57.06049202794611,57.06049202794611,121.83020302229033,21.840988269540503,2,3,1,0,0.0
0.0,44.43464600959214,44.43464600959214,0.0,0.0,0.0,97.86741122371677,21.840988269540503,2,3,1,1,7.0
0.0,34.53054293169134,34.53054293169134,94.92322156637783,94.92322156637783,94.92322156637783,21.840988269540503,13.49441015672619,2,3,1,0,0.0
0.0,34.53054293169134,34.53054293169134,37.43591125499961,37.43591125499961,37.43591125499961,92.20514473185403,13.49441015672619,2,3,1,0,0.0
0.0,39.15425145504469,39.15425145504469,0.0,0.0,0.0,92.58701666916932,13.49441015672619,2,3,1,1,7.0
0.0,39.59378687348499,39.59378687348499,0.0,0.0,0.0,71.54527423932404,66.51329020502999,0,1,0,0,0.0
0.0,113.84145277015978,113.84145277015978,0.0,0.0,0.0,145.79294013599883,0.0,1,2,1,1,7.0
0.0,59.742509831732605,59.742509831732605,0.0,0.0,0.0,97.5553273142159,0.0,1,2,1,1,7.0
0.0,30.46551717050579,30.46551717050579,121.98139616165827,121.98139616165827,121.98139616165827,0.0,31.989197436406812,2,3,1,0,0.0
0.0,30.46551717050579,30.46551717050579,55.64305737916857,55.64305737916857,55.64305737916857,95.37723341195215,31.989197436406812,2,3,1,0,0.0
0.0,30.46551717050579,30.46551717050579,0.0,0.0,0.0,68.27833465298863,31.989197436406812,2,3,1,1,7.0
0.0,1.606580917115025,1.606580917115025,30.820881262658986,30.820881262658986,30.820881262658986,0.0,37.69320800439891,2,3,1,0,0.0
0.0,1.606580917115025,1.606580917115025,6.406781879728442,6.406781879728442,6.406781879728442,14.504978101766028,37.69320800439891,2,3,1,1,7.0
0.0,1.606580917115025,1.606580917115025,0.0,0.0,0.0,8.112595070128918,37.69320800439891,2,3,1,1,7.0
0.0,23.813692898400404,23.813692898400404,5.676745860330811,5.676745860330811,5.676745860330811,37.69320800439891,0.0,2,3,1,1,7.0
0.0,59.6636589322261,59.6636589322261,0.0,0.0,0.0,66.16967308523999,0.0,2,3,1,1,7.0
0.0,20.770638049923036,20.770638049923036,48.793123755969646,48.793123755969646,48.793123755969646,0.0,0.0,2,3,1,0,0.0
0.0,20.770638049923036,20.770638049923036,0.0,0.0,0.0,33.81000264269096,0.0,2,3,1,1,7.0
0.0,12.754401203879752,12.754401203879752,48.27616797161227,48.27616797161227,48.27616797161227,0.0,0.0,2,3,1,0,0.0
0.0,12.754401203879752,12.754401203879752,0.0,0.0,0.0,25.793765796647676,0.0,2,3,1,1,7.0
0.0,37.811139998704675,37.811139998704675,0.0,0.0,0.0,68.15947428485651,0.0,0,1,0,0,0.0
0.0,26.58337690186454,26.58337690186454,79.4552232534561,79.4552232534561,79.4552232534561,0.0,0.0,2,3,1,0,0.0
0.0,26.58337690186454,26.58337690186454,0.0,0.0,0.0,56.93171118801638,0.0,2,3,1,1,7.0
0.0,31.99748020158404,31.99748020158404,0.0,0.0,0.0,64.48595293273684,23.288506892212354,0,1,0,0,0.0
0.0,43.92403172931154,43.92403172931154,112.97718649725357,112.97718649725357,112.97718649725357,23.288506892212354,0.0,2,3,1,0,0.0
0.0,61.14238095836845,61.14238095836845,0.0,0.0,0.0,93.63085368952125,0.0,2,3,1,1,7.0
0.0,79.38185965966295,79.38185965966295,0.0,0.0,0.0,107.47495260861069,0.0,1,2,1,1,7.0
0.0,41.80357288095365,41.80357288095365,0.0,0.0,0.0,69.8966658299014,48.887712388137516,0,1,0,0,0.0
0.0,43.32979337630604,43.32979337630604,130.48453115217035,130.48453115217035,130.48453115217035,0.0,20.560318994602312,2,3,1,0,0.0
0.0,43.32979337630604,43.32979337630604,57.4200091920502,57.4200091920502,57.4200091920502,113.0964675611367,20.560318994602312,2,3,1,0,0.0
0.0,43.32979337630604,43.32979337630604,0.0,0.0,0.0,93.53328909609536,20.560318994602312,2,3,1,1,7.0
0.0,37.92453317259242,37.92453317259242,100.59088690329281,100.59088690329281,100.59088690329281,20.560318994602312,0.0,2,3,1,0,0.0
0.0,37.92453317259242,37.92453317259242,40.84377862072779,40.84377862072779,40.84377862072779,109.10672068810163,0.0,2,3,1,0,0.0
0.0,60.24643443896912,60.24643443896912,0.0,0.0,0.0,110.44993015875843,0.0,2,3,1,1,7.0
0.0,39.18236079725102,39.18236079725102,50.55900098797156,50.55900098797156,50.55900098797156,39.75882338315205,0.0,2,3,1,0,0.0
0.0,70.21754109669382,70.21754109669382,0.0,0.0,0.0,90.89428695702463,0.0,2,3,1,1,7.0
0.0,41.28057534471009,41.28057534471009,108.49599463270988,108.49599463270988,108.49599463270988,0.0,39.75882338315205,2,3,1,0,0.0
0.0,41.28057534471009,41.28057534471009,0.0,0.0,0.0,61.9573212050409,39.75882338315205,2,3,1,1,7.0
0.0,14.018229891495139,14.018229891495139,50.33558766173155,50.33558766173155,50.33558766173155,14.018229891495139,62.68945356564291,2,3,1,0,0.0
0.0,14.018229891495139,14.018229891495139,0.0,0.0,0.0,50.33558766173155,62.68945356564291,2,3,1,1,7.0
0.0,14.018229891495139,14.018229891495139,0.0,0.0,0.0,50.33558766173155,62.68945356564291,2,3,1,1,7.0
0.0,1.5920028749369521,1.5920028749369521,41.64554151832726,41.64554151832726,41.64554151832726,17.99579820301551,0.0,2,3,1,0,0.0
0.0,1.5920028749369521,1.5920028749369521,0.014398848091332184,0.014398848091332184,0.014398848091332184,43.36632365663627,0.0,2,3,1,1,7.0
0.0,46.62981287821094,46.62981287821094,0.0,0.0,0.0,75.96369529794174,0.0,2,3,1,1,7.0
0.0,33.55553608625905,33.55553608625905,91.51645742057735,91.51645742057735,91.51645742057735,0.0,17.99579820301551,2,3,1,0,0.0
0.0,33.55553608625905,33.55553608625905,56.255157781636626,56.255157781636626,56.255157781636626,83.16138178153687,17.99579820301551,2,3,1,0,0.0
0.0,33.55553608625905,33.55553608625905,0.0,0.0,0.0,62.88941850598985,17.99579820301551,2,3,1,1,7.0
0.0,28.81678454203707,28.81678454203707,0.0,0.0,0.0,49.019796439404864,0.0,0,1,0,0,0.0
0.0,26.13287349268326,26.13287349268326,0.0,0.0,0.0,46.335885390051054,0.0,0,1,0,0,0.0
0.0,24.74866638214649,24.74866638214649,0.0,0.0,0.0,68.79346514635515,37.0662772328169,0,1,0,0,0.0
0.0,44.707187939658084,44.707187939658084,15.174747999857743,7.587373999928872,15.174747999857743,88.7663855519589,0.0,1,2,1,1,7.0
0.0,60.29289385603553,60.29289385603553,0.0,0.0,0.0,104.33769262024418,0.0,1,2,1,1,7.0
0.0,37.044449239989746,37.044449239989746,31.730576253747756,31.730576253747756,31.730576253747756,44.133865729350504,20.20309071065573,2,3,1,0,0.0
0.0,77.48087470087899,77.48087470087899,0.0,0.0,0.0,103.65948736977805,20.20309071065573,2,3,1,1,7.0
0.0,49.63903454057923,49.63903454057923,0.0,0.0,0.0,75.81764720947831,44.133865729350504,1,2,1,1,7.0
0.0,31.050922644994586,31.050922644994586,90.85596485891891,90.85596485891891,90.85596485891891,26.92989704263475,67.98544721074393,2,3,1,0,0.0
0.0,31.050922644994586,31.050922644994586,31.449230730564963,31.449230730564963,31.449230730564963,100.12703389604775,67.98544721074393,2,3,1,0,0.0
0.0,71.15228934129613,71.15228934129613,0.0,0.0,0.0,113.69579487467661,67.98544721074393,2,3,1,1,7.0
0.0,118.85929877727926,118.85929877727926,0.0,0.0,0.0,161.40280431065975,26.92989704263475,3,4,1,1,7.0
0.0,14.963575412332546,14.963575412332546,55.700081879056285,48.98724867937883,35.56158228002391,86.82119123110357,55.68699080180207,3,4,1,0,0.0
0.0,14.963575412332546,14.963575412332546,40.231247422227256,26.82083161481817,0.0,86.82119123110357,55.68699080180207,3,4,1,0,0.0
0.0,71.18914552397243,71.18914552397243,39.131070799227075,13.043690266409024,39.131070799227075,86.82119123110357,55.68699080180207,3,4,1,0,0.0
0.0,113.67895527867611,113.67895527867611,0.0,0.0,0.0,139.1392336994232,55.68699080180207,3,4,1,1,7.0
0.0,19.22158516240293,19.22158516240293,49.83537455306379,33.22358303537586,0.0,55.68699080180207,86.82119123110357,3,4,1,0,0.0
0.0,41.80756258886373,41.80756258886373,0.014398848092156413,0.004799616030718805,0.014398848092156413,82.69475025514026,86.82119123110357,3,4,1,1,7.0
0.0,77.31282080949592,77.31282080949592,0.0,0.0,0.0,102.77309923024299,86.82119123110357,3,4,1,1,7.0
0.0,86.86666232851559,86.86666232851559,0.0,0.0,0.0,112.27299974708149,82.74026190641226,3,4,1,1,7.0
0.0,86.86666232851559,86.86666232851559,0.0,0.0,0.0,112.27299974708149,82.74026190641226,3,4,1,1,7.0
0.0,112.04309999202337,112.04309999202337,0.0,0.0,0.0,137.44943741058927,86.86666232851559,4,5,1,1,7.0
0.0,97.38037713366816,97.38037713366816,0.0,0.0,0.0,126.28011325141279,112.29023706263484,4,5,1,1,7.0
120.0,7.651010031235899,127.6510100312359,32.14684124730121,32.14684124730121,32.14684124730121,57.5609761336828,71.35153709237403,2,3,1,0,0.0
70.0,59.32555496737615,129.32555496737615,66.43383714788104,22.144612382627013,66.43383714788104,123.99481328156384,71.35153709237403,3,4,1,0,0.0
20.0,117.48057931454468,137.48057931454468,49.35388756358731,9.870777512717462,49.35388756358731,145.65589808311302,71.35153709237403,4,5,1,0,0.0
20.0,117.48057931454468,137.48057931454468,21.66108480154918,4.332216960309836,21.66108480154918,178.72985702334392,71.35153709237403,4,5,1,1,7.0
100.0,32.30360608589638,132.30360608589638,77.19996311424188,77.19996311424188,77.19996311424188,24.926588505367363,110.90156304633626,2,3,1,0,0.0
100.0,32.30360608589638,132.30360608589638,35.538873524687915,35.538873524687915,35.538873524687915,85.90078161544739,110.90156304633626,2,3,1,0,0.0
100.0,37.9659530981354,137.9659530981354,0.0,0.0,0.0,81.89834173808015,110.90156304633626,2,3,1,1,7.0
50.0,82.01082368633911,132.0108236863391,34.22182637726337,11.40727545908779,34.22182637726337,146.02610660375888,110.90156304633626,3,4,1,0,0.0
0.0,121.10959679107884,121.10959679107884,0.0,0.0,0.0,147.6035183751094,95.20989442695134,4,5,1,1,7.0
0.0,121.10959679107884,121.10959679107884,0.0,0.0,0.0,147.6035183751094,95.20989442695134,4,5,1,1,7.0
100.0,20.07815556849721,120.07815556849721,51.13395236755116,51.13395236755116,102.26790473510232,112.85941814127705,120.41813375989045,4,5,1,0,0.0
50.0,77.09819602175787,127.09819602175787,72.35005157596675,36.17502578798337,144.7001031519335,185.2094697172438,120.41813375989045,5,6,1,0,0.0
80.0,36.47036560531694,116.47036560531694,72.00069432366274,72.00069432366274,72.00069432366274,26.574271554953953,120.51843328909968,2,3,1,0,0.0
80.0,36.47036560531694,116.47036560531694,28.276952087613495,28.276952087613495,28.276952087613495,78.4405095376037,120.51843328909968,2,3,1,1,7.0
80.0,55.740909045192325,135.74090904519232,0.0,0.0,0.0,97.69653573509686,120.51843328909968,2,3,1,1,7.0
30.0,45.19074542141709,75.19074542141709,17.273186825905213,6.001700344095904,16.541272619522715,114.96972256100207,120.51843328909968,3,4,1,1,7.0
0.0,96.84719867880767,96.84719867880767,21.53413881658753,4.306827763317505,21.53413881658753,135.13155205247722,120.8006418845523,4,5,1,1,7.0
0.0,115.21148259882307,115.21148259882307,0.0,0.0,0.0,147.23057471524658,120.8006418845523,4,5,1,1,7.0
40.0,23.082478279469,63.082478279469,89.42136318248959,89.42136318248959,268.26408954746876,154.91938808171244,140.58102617668692,6,7,1,0,0.0
40.0,23.082478279469,63.082478279469,61.247071923882686,45.86678655279699,137.60035965839097,154.91938808171244,140.58102617668692,6,7,1,0,0.0
40.0,23.082478279469,63.082478279469,35.33230985722071,21.848247159490636,65.5447414784719,154.91938808171244,140.58102617668692,6,7,1,0,0.0
40.0,49.494849803774514,89.49484980377451,70.38455667848075,46.92303778565383,140.7691133569615,154.91938808171244,140.58102617668692,6,7,1,0,0.0
40.0,49.494849803774514,89.49484980377451,47.08309608595414,24.64669937510439,73.94009812531317,154.91938808171244,140.58102617668692,6,7,1,0,0.0
0.0,131.64645729180347,131.64645729180347,91.68523091649445,18.337046183298888,91.68523091649445,159.1006815158437,140.58102617668715,7,8,1,0,0.0
0.0,131.64645729180347,131.64645729180347,25.965439808059045,5.193087961611809,25.965439808059045,201.15087711736328,140.58102617668715,7,8,1,1,7.0
80.0,42.23069735705849,122.23069735705849,97.00040910046619,97.00040910046619,194.00081820093237,166.43588752461142,53.03731032783435,4,5,1,0,0.0
10.0,126.5608433463276,136.5608433463276,80.66535357487828,40.33267678743914,161.33070714975656,212.65747617096326,53.03731032783435,5,6,1,0,0.0
10.0,126.5608433463276,136.5608433463276,46.22158864635185,20.608370540021838,82.43348216008735,212.65747617096326,53.03731032783435,5,6,1,0,0.0
80.0,41.06785752561177,121.06785752561177,62.285746380610135,62.285746380610135,62.285746380610135,31.984529982024924,199.85587726277936,2,3,1,0,0.0
80.0,41.06785752561177,121.06785752561177,21.39322851374709,21.39322851374709,21.39322851374709,72.31979494182792,199.85587726277936,2,3,1,1,7.0
80.0,50.43508292809997,130.43508292809997,0.0,0.0,0.0,75.30453659336558,199.85587726277936,2,3,1,1,7.0
0.0,115.88418038133727,115.88418038133727,0.0,0.0,0.0,142.814025120309,199.85587726277936,3,4,1,1,7.0
90.0,53.22507297197535,143.22507297197535,116.43375665656754,116.43375665656754,349.3012699697026,172.5260906857634,55.15271943549806,6,7,1,0,0.0
90.0,53.22507297197535,143.22507297197535,113.85432085853677,94.74498926088147,284.2349677826444,172.5260906857634,55.15271943549806,6,7,1,0,0.0
90.0,53.22507297197535,143.22507297197535,86.19106170863733,66.41457127992635,199.24371383977905,172.5260906857634,55.15271943549806,6,7,1,0,0.0
100.0,24.98502011638311,124.98502011638311,81.88074559064921,81.88074559064921,81.88074559064921,109.53842922226454,140.45871505334344,2,3,1,0,0.0
80.0,48.24431378384861,128.2443137838486,51.280624391401716,27.460471351299173,82.38141405389752,160.81905361366626,140.45871505334344,3,4,1,0,0.0
40.0,64.29001559322569,104.29001559322569,65.2153705379119,48.91152790343392,195.64611161373568,176.70316985887553,154.8163487885788,8,9,1,0,0.0
40.0,64.29001559322569,104.29001559322569,53.81028658189325,26.905143290946626,107.6205731637865,176.70316985887553,154.8163487885788,8,9,1,0,0.0
40.0,64.29001559322569,104.29001559322569,53.81028658189325,26.905143290946626,107.6205731637865,176.70316985887553,154.8163487885788,8,9,1,0,0.0
0.0,117.8058313702602,117.8058313702602,29.09151248030389,9.697170826767964,58.18302496060778,196.46110528105442,147.91123661446704,9,10,1,1,7.0
90.0,26.63206788366756,116.63206788366756,68.08207502792834,68.08207502792834,204.24622508378502,175.09529340993186,180.68990475654982,6,7,1,0,0.0
90.0,26.63206788366756,116.63206788366756,62.27280280602781,45.02198221423888,135.06594664271665,175.09529340993186,180.68990475654982,6,7,1,0,0.0
0.0,86.51629292072062,86.51629292072062,43.39014036527328,19.43967521118293,97.19837605591465,223.19048916369866,167.31818963842397,7,8,1,0,0.0
0.0,112.58471751674074,112.58471751674074,58.47957429023677,23.391829716094662,116.95914858047331,223.19048916369866,167.31818963842397,7,8,1,0,0.0
0.0,112.58471751674074,112.58471751674074,48.04702723123569,14.072837195061902,70.36418597530951,223.19048916369866,167.31818963842397,7,8,1,0,0.0
30.0,100.63625378004213,130.63625378004213,33.80522983023047,12.446146046469607,74.67687627881764,225.78729799751773,166.91300127299746,9,10,1,0,0.0
80.0,46.436600796588664,126.43660079658866,65.99903268988601,49.499274517414506,197.99709806965802,188.82599269826505,109.51788994498975,8,9,1,0,0.0
30.0,99.78794772361243,129.78794772361243,52.9229497819606,26.4614748909803,158.7688493458818,241.74894248022565,109.51788994498975,9,10,1,0,0.0
100.0,21.633396122586873,121.63339612258687,37.36022699879322,37.36022699879322,112.08068099637967,114.98428050142229,224.76776417101382,6,7,1,0,0.0
50.0,63.513522782936434,113.51352278293643,101.40655530129561,60.84393318077737,304.21966590388683,120.974201307758,224.76776417101382,7,8,1,0,0.0
50.0,63.513522782936434,113.51352278293643,109.60978089732907,51.39559587279391,256.97797936396955,120.974201307758,224.76776417101382,7,8,1,0,0.0
50.0,63.513522782936434,113.51352278293643,104.62234512284704,36.02783605229397,180.13918026146985,120.974201307758,224.76776417101382,7,8,1,0,0.0
50.0,74.45090969875582,124.45090969875582,92.73720436041503,37.09488174416602,185.47440872083007,120.974201307758,224.76776417101382,7,8,1,0,0.0
50.0,74.45090969875582,124.45090969875582,72.85384835987134,15.768753833241409,78.84376916620704,120.974201307758,224.76776417101382,7,8,1,0,0.0
50.0,74.45090969875582,124.45090969875582,5.989920806335704,2.3959683225342814,11.979841612671407,173.18056099948262,224.76776417101382,7,8,1,1,7.0
0.0,116.64786693465066,116.64786693465066,5.701943844492689,0.9503239740821149,5.701943844492689,147.62632573189603,212.99147965556313,9,10,1,1,7.0
0.0,116.64786693465066,116.64786693465066,5.701943844492689,0.9503239740821149,5.701943844492689,147.62632573189603,212.99147965556313,9,10,1,1,7.0
80.0,57.74282927131162,137.74282927131162,81.0118514493247,60.75888858699352,243.03555434797408,194.38279921168078,83.9850135595716,8,9,1,0,0.0
80.0,57.74282927131162,137.74282927131162,51.5232424807873,37.22684510753072,148.90738043012288,194.38279921168078,83.9850135595716,8,9,1,0,0.0
10.0,118.68237013966245,128.68237013966245,78.40898653108206,26.13632884369402,156.81797306216413,233.5983276669258,84.08699360987475,9,10,1,0,0.0
10.0,118.68237013966245,128.68237013966245,65.73712301543355,16.84996079153014,101.09976474918085,233.5983276669258,84.08699360987475,9,10,1,0,0.0
100.0,12.941247525178824,112.94124752517882,29.84257474691458,29.84257474691458,59.68514949382916,60.81850271921667,185.0667823066101,4,5,1,1,7.0
50.0,66.10647968105968,116.10647968105968,49.723924462124614,24.861962231062307,99.44784892424923,110.54242718134128,185.0667823066101,5,6,1,0,0.0
20.0,111.43191235187578,131.43191235187578,74.25078314455413,24.75026104818471,148.50156628910827,136.34266528721537,185.0667823066101,6,7,1,0,0.0
20.0,111.43191235187578,131.43191235187578,103.4997721773857,21.55000171387663,129.30001028325978,136.34266528721537,185.0667823066101,6,7,1,0,0.0
20.0,111.43191235187578,131.43191235187578,25.800238105874087,8.600079368624696,51.60047621174817,185.09206196337936,185.0667823066101,6,7,1,1,7.0
70.0,40.484211856938146,110.48421185693815,62.71097352024117,62.71097352024117,188.1329205607235,165.72021602252926,96.80769306519369,6,7,1,0,0.0
70.0,40.484211856938146,110.48421185693815,51.17789017205041,44.02681363431975,132.08044090295925,165.72021602252926,96.80769306519369,6,7,1,0,0.0
0.0,97.816510766811,97.816510766811,44.7447439859111,17.89789759436444,89.4894879718222,203.3756434977422,96.80769306519369,7,8,1,0,0.0
0.0,97.816510766811,97.816510766811,44.76069105266879,10.229322229121953,51.14661114560977,203.3756434977422,96.80769306519369,7,8,1,0,0.0
60.0,51.37901160753245,111.37901160753245,105.17291825811435,105.17291825811435,315.51875477434305,178.96795733337922,171.6076583407248,6,7,1,0,0.0
10.0,75.71866027398028,85.71866027398028,26.866023049522482,16.11961382971349,80.59806914856745,178.65896341929238,159.97246609590502,7,8,1,1,7.0
20.0,100.01131688625537,120.01131688625537,60.458351124639194,30.229175562319597,181.37505337391758,162.39242868024257,139.8173300644985,9,10,1,0,0.0
20.0,100.01131688625537,120.01131688625537,84.92481549838112,29.549213913980264,177.29528348388158,162.39242868024257,139.8173300644985,9,10,1,0,0.0
20.0,100.01131688625537,120.01131688625537,7.445652487119332,3.722826243559666,22.336957461357997,162.39242868024257,139.8173300644985,9,10,1,1,7.0
20.0,100.01131688625537,120.01131688625537,7.445652487119332,3.722826243559666,22.336957461357997,162.39242868024257,139.8173300644985,9,10,1,1,7.0
90.0,38.7251050417176,128.7251050417176,59.72142737776039,59.72142737776039,179.16428213328118,166.27120263662118,110.65387344465853,6,7,1,0,0.0
40.0,89.51994383069632,129.51994383069632,80.69043935280297,48.41426361168178,242.0713180584089,246.9616419894246,110.65387344465853,7,8,1,0,0.0
40.0,89.51994383069632,129.51994383069632,80.69043935280342,41.116774460381386,205.58387230190692,246.9616419894246,110.65387344465853,7,8,1,0,0.0
60.0,56.126075855729596,116.1260758557296,81.79389949469305,61.34542462101979,245.38169848407915,106.65767984670629,188.85931390106498,8,9,1,0,0.0
60.0,56.126075855729596,116.1260758557296,44.17356037640138,22.08678018820069,88.34712075280277,106.65767984670629,188.85931390106498,8,9,1,0,0.0
10.0,108.9505346897804,118.9505346897804,67.67718624945564,22.559062083151883,135.3543724989113,174.33486609616193,188.85931390106498,9,10,1,0,0.0
70.0,54.48177430870646,124.48177430870646,24.136284793599316,18.102213595199487,72.40885438079795,159.07671851196937,132.88516759993763,8,9,1,1,7.0
70.0,54.48177430870646,124.48177430870646,1.995409236213618,1.0013043301298694,4.005217320519478,159.07671851196937,132.88516759993763,8,9,1,1,7.0
20.0,101.2925300377733,121.2925300377733,57.8573713488654,19.2857904496218,115.7147426977308,216.93408986083477,132.88516759993763,9,10,1,0,0.0
0.0,78.82372290002968,78.82372290002968,1.0676006538233196,0.53560018292319,2.149600155738881,247.9530067750975,132.88516759993763,10,11,1,1,7.0
0.0,78.82372290002968,78.82372290002968,0.028797696184483357,0.014398848092241678,0.08639308855345007,247.9530067750975,132.88516759993763,10,11,1,1,7.0
0.0,85.21015060015179,85.21015060015179,1.0676006538233196,0.5338003269116598,2.135201307646639,247.9530067750975,132.88516759993763,10,11,1,1,7.0
0.0,85.21015060015179,85.21015060015179,1.0676006538237743,0.532000470900357,2.1496001557397904,247.9530067750975,132.88516759993763,10,11,1,1,7.0
0.0,121.54442094443675,121.54442094443675,31.018916914262718,11.63209384284852,93.05675074278815,247.9530067750975,132.88516759993763,10,11,1,0,0.0
110.0,15.130908217706292,125.13090821770629,31.587739087103728,31.587739087103728,94.76321726131118,97.04141974010417,170.77120803864773,6,7,1,0,0.0
60.0,68.0408620923613,128.0408620923613,92.80009226749416,55.680055360496496,278.4002768024825,163.23064315143847,170.77120803864773,7,8,1,0,0.0
60.0,68.0408620923613,128.0408620923613,66.1892234113343,33.73044260491842,168.65221302459213,163.23064315143847,170.77120803864773,7,8,1,0,0.0
80.0,20.361599136343557,100.36159913634356,15.776946326232064,11.832709744674048,47.33083897869619,128.69619354489487,95.30603204726776,8,9,1,1,7.0
60.0,59.26665613596879,119.26665613596879,52.84562145040445,39.63421608780334,158.53686435121335,123.9714257629962,186.31301250936576,8,9,1,0,0.0
60.0,59.26665613596879,119.26665613596879,28.66539371572844,14.33269685786422,57.33078743145688,123.9714257629962,186.31301250936576,8,9,1,1,7.0
60.0,59.26665613596879,119.26665613596879,28.66539371572844,14.33269685786422,57.33078743145688,123.9714257629962,186.31301250936576,8,9,1,1,7.0
60.0,47.152048534275764,107.15204853427576,61.203350837947255,30.601675418973628,183.61005251384177,186.31301250936576,123.9714257629962,9,10,1,0,0.0
60.0,47.152048534275764,107.15204853427576,57.616818964470895,24.628599175193358,147.77159505116015,186.31301250936576,123.9714257629962,9,10,1,0,0.0
30.0,36.35499647439519,66.3549964743952,67.85683088881115,33.92841544440557,203.57049266643344,178.47141810076573,123.9714257629962,9,10,1,0,0.0
30.0,36.35499647439519,66.3549964743952,35.038527827597136,15.98901865076588,95.93411190459528,178.47141810076573,123.9714257629962,9,10,1,0,0.0
30.0,67.12248131912929,97.12248131912929,49.775224555870864,16.59174151862362,99.55044911174173,178.47141810076573,123.9714257629962,9,10,1,0,0.0
10.0,84.2407146858186,94.2407146858186,34.950943427648326,15.755574317459377,94.53344590475626,135.8999075431575,252.9618354243271,9,10,1,0,0.0
10.0,115.00651472520576,125.00651472520576,60.05439645479646,20.01813215159882,120.10879290959292,135.8999075431575,252.9618354243271,9,10,1,0,0.0
10.0,115.00651472520576,125.00651472520576,92.87993383565299,17.46806926930238,104.80841561581428,135.8999075431575,252.9618354243271,9,10,1,0,0.0
10.0,115.00651472520576,125.00651472520576,11.928481780161292,3.9761605933870974,23.856963560322583,187.54692931892532,252.9618354243271,9,10,1,1,7.0
10.0,28.53904141549492,38.53904141549492,55.39735908884677,34.62334943052923,166.1920772665403,252.9618354243271,135.8999075431575,10,11,1,0,0.0
10.0,128.17480905081447,138.17480905081447,89.22711405183509,22.306778512958772,178.45422810367018,252.9618354243271,135.8999075431575,10,11,1,0,0.0
0.0,124.08667439329292,124.08667439329292,43.05221570587673,10.763053926469183,86.10443141175347,173.2716486230829,181.18749758236117,10,11,1,0,0.0
0.0,124.08667439329292,124.08667439329292,11.05344569070121,1.3816807113376512,11.05344569070121,173.2716486230829,181.18749758236117,10,11,1,1,7.0
0.0,124.08667439329292,124.08667439329292,11.05344569070121,1.3816807113376512,11.05344569070121,173.2716486230829,181.18749758236117,10,11,1,1,7.0
100.0,21.312710669144508,121.31271066914451,71.13419482503468,71.13419482503468,213.40258447510405,99.02934178068335,103.81649366688453,6,7,1,0,0.0
100.0,21.312710669144508,121.31271066914451,107.1659282996552,79.95387177503501,239.86161532510505,99.02934178068335,103.81649366688453,6,7,1,0,0.0
100.0,21.312710669144508,121.31271066914451,25.529758725794636,25.529758725794636,76.58927617738391,99.02934178068335,103.81649366688453,6,7,1,1,7.0
100.0,21.312710669144508,121.31271066914451,25.529758725794636,25.529758725794636,76.58927617738391,99.02934178068335,103.81649366688453,6,7,1,1,7.0
0.0,106.638579075493,106.638579075493,61.27023070574796,12.254046141149592,61.27023070574796,99.02934178068335,103.81649366688453,7,8,1,0,0.0
0.0,106.638579075493,106.638579075493,0.0,0.0,0.0,126.2729956235271,103.81649366688453,7,8,1,1,7.0
80.0,38.058449653378375,118.05844965337837,85.28072207240348,85.28072207240348,170.56144414480696,83.48140246214552,79.21936250487215,4,5,1,0,0.0
80.0,38.058449653378375,118.05844965337837,78.11143916511173,60.52722293873467,121.05444587746933,83.48140246214552,79.21936250487215,4,5,1,0,0.0
80.0,51.32926479312391,131.3292647931239,75.60485791364317,37.802428956821586,75.60485791364317,83.48140246214552,79.21936250487215,4,5,1,0,0.0
80.0,51.32926479312391,131.3292647931239,34.19647889210955,17.098239446054777,34.19647889210955,118.14822825189731,79.21936250487215,4,5,1,0,0.0
110.0,19.221826880406297,129.2218268804063,57.83235955618875,57.83235955618875,57.83235955618875,19.221826880406297,86.74795916289622,2,3,1,0,0.0
110.0,19.221826880406297,129.2218268804063,0.0,0.0,0.0,44.80864471867426,86.74795916289622,2,3,1,1,7.0
110.0,19.221826880406297,129.2218268804063,0.0,0.0,0.0,44.80864471867426,86.74795916289622,2,3,1,1,7.0
60.0,70.70669826936592,130.70669826936592,0.0,0.0,0.0,101.03562675932517,86.74795916289622,3,4,1,1,7.0
10.0,102.73389452340325,112.73389452340325,15.851394575304766,3.1702789150609534,15.851394575304766,153.83400106012323,86.74795916289622,4,5,1,1,7.0
90.0,13.201057620131905,103.2010576201319,45.32409925212323,45.32409925212323,90.64819850424647,114.78908501313526,134.61225514557827,4,5,1,0,0.0
90.0,13.201057620131905,103.2010576201319,47.31428868393141,26.508116264211367,53.016232528422734,114.78908501313526,134.61225514557827,4,5,1,0,0.0
50.0,26.08509088262963,76.08509088262963,56.21436560310485,56.21436560310485,168.64309680931456,150.35499459427774,134.61225514557827,6,7,1,0,0.0
50.0,51.29921694474979,101.29921694474979,48.611532800392524,32.407688533595014,97.22306560078505,150.35499459427774,134.61225514557827,6,7,1,0,0.0
0.0,46.62710333396717,46.62710333396717,66.0883705458582,32.996461327778526,132.1767410917164,165.91809966634537,134.61225514557827,7,8,1,0,0.0
0.0,111.27334321289709,111.27334321289709,94.92780439090166,37.97112175636066,189.8556087818033,165.91809966634537,134.61225514557827,7,8,1,0,0.0
0.0,111.27334321289709,111.27334321289709,55.44768467281392,19.173942821816308,95.86971410908154,165.91809966634537,134.61225514557827,7,8,1,0,0.0
0.0,138.91046737464058,138.91046737464058,57.86744261240074,11.573488522480147,57.86744261240074,165.91809966634537,134.61225514557827,7,8,1,0,0.0
0.0,138.91046737464058,138.91046737464058,15.563105072067628,3.112621014413526,15.563105072067628,199.16811623874946,134.61225514557827,7,8,1,1,7.0
60.0,39.77835618620338,99.77835618620338,90.78696163983568,90.78696163983568,181.57392327967136,97.5976129318442,125.78230347357112,4,5,1,0,0.0
60.0,45.76827699253863,105.76827699253863,46.394595234690314,23.197297617345157,46.394595234690314,97.5976129318442,125.78230347357112,4,5,1,0,0.0
30.0,98.81108931226663,128.81108931226663,43.898234895610585,10.974558723902646,43.898234895610585,141.49584782745478,125.78230347357112,5,6,1,0,0.0
90.0,14.704114734535324,104.70411473453532,44.47059863526283,44.47059863526283,88.94119727052566,59.836115137996785,65.5535125935603,4,5,1,0,0.0
90.0,36.24694763725074,126.24694763725074,38.846680865790404,19.423340432895202,38.846680865790404,59.836115137996785,65.5535125935603,4,5,1,0,0.0
90.0,36.24694763725074,126.24694763725074,0.014398848091332184,0.007199424045666092,0.014398848091332184,91.65793928689436,65.5535125935603,4,5,1,1,7.0
80.0,33.87988962012059,113.8798896201206,50.82509176953681,50.82509176953681,101.65018353907362,101.71280029099398,64.54568545563961,4,5,1,0,0.0
80.0,42.01870480368052,122.01870480368052,58.94942994943631,29.474714974718154,58.94942994943631,101.71280029099398,64.54568545563961,4,5,1,0,0.0
